Company Name,Industry,Symbol,Series,ISIN Code
3M India Ltd.,CONSUMER GOODS,3MINDIA,EQ,INE470A01017
ABB India Ltd.,INDUSTRIAL MANUFACTURING,ABB,EQ,INE117A01022
ABB Power Products and Systems India Ltd.,INDUSTRIAL MANUFACTURING,POWERINDIA,EQ,INE07Y701011
ACC Ltd.,CEMENT & CEMENT PRODUCTS,ACC,EQ,INE012A01025
AIA Engineering Ltd.,INDUSTRIAL MANUFACTURING,AIAENG,EQ,INE212H01026
APL Apollo Tubes Ltd.,METALS,APLAPOLLO,EQ,INE702C01027
AU Small Finance Bank Ltd.,FINANCIAL SERVICES,AUBANK,EQ,INE949L01017
Aarti Drugs Ltd.,PHARMA,AARTIDRUGS,EQ,INE767A01016
Aarti Industries Ltd.,CHEMICALS,AARTIIND,EQ,INE769A01020
Aavas Financiers Ltd.,FINANCIAL SERVICES,AAVAS,EQ,INE216P01012
Abbott India Ltd.,PHARMA,ABBOTINDIA,EQ,INE358A01014
Adani Enterprises Ltd.,METALS,ADANIENT,EQ,INE423A01024
Adani Green Energy Ltd.,POWER,ADANIGREEN,EQ,INE364U01010
Adani Ports and Special Economic Zone Ltd.,SERVICES,ADANIPORTS,EQ,INE742F01042
Adani Total Gas Ltd.,OIL & GAS,ATGL,EQ,INE399L01023
Adani Transmission Ltd.,POWER,ADANITRANS,EQ,INE931S01010
Aditya Birla Capital Ltd.,FINANCIAL SERVICES,ABCAPITAL,EQ,INE674K01013
Aditya Birla Fashion and Retail Ltd.,CONSUMER SERVICES,ABFRL,EQ,INE647O01011
Advanced Enzyme Tech Ltd.,CONSUMER GOODS,ADVENZYMES,EQ,INE837H01020
Aegis Logistics Ltd.,SERVICES,AEGISCHEM,EQ,INE208C01025
Affle (India) Ltd.,IT,AFFLE,EQ,INE00WC01019
Ajanta Pharmaceuticals Ltd.,PHARMA,AJANTPHARM,EQ,INE031B01049
Akzo Nobel India Ltd.,CONSUMER GOODS,AKZOINDIA,EQ,INE133A01011
Alembic Ltd.,PHARMA,ALEMBICLTD,EQ,INE426A01027
Alembic Pharmaceuticals Ltd.,PHARMA,APLLTD,EQ,INE901L01018
Alkem Laboratories Ltd.,PHARMA,ALKEM,EQ,INE540L01014
Alkyl Amines Chemicals Ltd.,CHEMICALS,ALKYLAMINE,EQ,INE150B01021
Alok Industries Ltd.,TEXTILES,ALOKINDS,EQ,INE270A01029
Amara Raja Batteries Ltd.,AUTOMOBILE,AMARAJABAT,EQ,INE885A01032
Amber Enterprises India Ltd.,CONSUMER GOODS,AMBER,EQ,INE371P01015
Ambuja Cements Ltd.,CEMENT & CEMENT PRODUCTS,AMBUJACEM,EQ,INE079A01024
Angel Broking Ltd.,FINANCIAL SERVICES,ANGELBRKG,EQ,INE732I01013
Apollo Hospitals Enterprise Ltd.,HEALTHCARE SERVICES,APOLLOHOSP,EQ,INE437A01024
Apollo Tyres Ltd.,AUTOMOBILE,APOLLOTYRE,EQ,INE438A01022
Asahi India Glass Ltd.,AUTOMOBILE,ASAHIINDIA,EQ,INE439A01020
Ashok Leyland Ltd.,AUTOMOBILE,ASHOKLEY,EQ,INE208A01029
Ashoka Buildcon Ltd.,CONSTRUCTION,ASHOKA,EQ,INE442H01029
Asian Paints Ltd.,CONSUMER GOODS,ASIANPAINT,EQ,INE021A01026
Aster DM Healthcare Ltd.,HEALTHCARE SERVICES,ASTERDM,EQ,INE914M01019
AstraZenca Pharma India Ltd.,PHARMA,ASTRAZEN,EQ,INE203A01020
Astral Poly Technik Ltd.,INDUSTRIAL MANUFACTURING,ASTRAL,EQ,INE006I01046
Atul Ltd.,CHEMICALS,ATUL,EQ,INE100A01010
Aurobindo Pharma Ltd.,PHARMA,AUROPHARMA,EQ,INE406A01037
Avanti Feeds Ltd.,CONSUMER GOODS,AVANTIFEED,EQ,INE871C01038
Avenue Supermarts Ltd.,CONSUMER SERVICES,DMART,EQ,INE192R01011
Axis Bank Ltd.,FINANCIAL SERVICES,AXISBANK,EQ,INE238A01034
BASF India Ltd.,CHEMICALS,BASF,EQ,INE373A01013
BEML Ltd.,INDUSTRIAL MANUFACTURING,BEML,EQ,INE258A01016
BSE Ltd.,FINANCIAL SERVICES,BSE,EQ,INE118H01025
Bajaj Auto Ltd.,AUTOMOBILE,BAJAJ-AUTO,EQ,INE917I01010
Bajaj Consumer Care Ltd.,CONSUMER GOODS,BAJAJCON,EQ,INE933K01021
Bajaj Electricals Ltd,CONSUMER GOODS,BAJAJELEC,EQ,INE193E01025
Bajaj Finance Ltd.,FINANCIAL SERVICES,BAJFINANCE,EQ,INE296A01024
Bajaj Finserv Ltd.,FINANCIAL SERVICES,BAJAJFINSV,EQ,INE918I01018
Bajaj Holdings & Investment Ltd.,FINANCIAL SERVICES,BAJAJHLDNG,EQ,INE118A01012
Balaji Amines Ltd.,CHEMICALS,BALAMINES,EQ,INE050E01027
Balkrishna Industries Ltd.,AUTOMOBILE,BALKRISIND,EQ,INE787D01026
Balmer Lawrie & Co. Ltd.,INDUSTRIAL MANUFACTURING,BALMLAWRIE,EQ,INE164A01016
Balrampur Chini Mills Ltd.,CONSUMER GOODS,BALRAMCHIN,EQ,INE119A01028
Bandhan Bank Ltd.,FINANCIAL SERVICES,BANDHANBNK,EQ,INE545U01014
Bank of Baroda,FINANCIAL SERVICES,BANKBARODA,EQ,INE028A01039
Bank of India,FINANCIAL SERVICES,BANKINDIA,EQ,INE084A01016
Bank of Maharashtra.,FINANCIAL SERVICES,MAHABANK,EQ,INE457A01014
Bata India Ltd.,CONSUMER GOODS,BATAINDIA,EQ,INE176A01028
Bayer Cropscience Ltd.,FERTILISERS & PESTICIDES,BAYERCROP,EQ,INE462A01022
Berger Paints India Ltd.,CONSUMER GOODS,BERGEPAINT,EQ,INE463A01038
Bharat Dynamics Ltd.,INDUSTRIAL MANUFACTURING,BDL,EQ,INE171Z01018
Bharat Electronics Ltd.,INDUSTRIAL MANUFACTURING,BEL,EQ,INE263A01024
Bharat Forge Ltd.,INDUSTRIAL MANUFACTURING,BHARATFORG,EQ,INE465A01025
Bharat Heavy Electricals Ltd.,INDUSTRIAL MANUFACTURING,BHEL,EQ,INE257A01026
Bharat Petroleum Corporation Ltd.,OIL & GAS,BPCL,EQ,INE029A01011
Bharat Rasayan Ltd.,FERTILISERS & PESTICIDES,BHARATRAS,EQ,INE838B01013
Bharti Airtel Ltd.,TELECOM,BHARTIARTL,EQ,INE397D01024
Biocon Ltd.,PHARMA,BIOCON,EQ,INE376G01013
Birla Corporation Ltd.,CEMENT & CEMENT PRODUCTS,BIRLACORPN,EQ,INE340A01012
Birlasoft Ltd.,IT,BSOFT,EQ,INE836A01035
Bliss GVS Pharma Ltd.,PHARMA,BLISSGVS,EQ,INE416D01022
Blue Dart Express Ltd.,SERVICES,BLUEDART,EQ,INE233B01017
Blue Star Ltd.,CONSUMER GOODS,BLUESTARCO,EQ,INE472A01039
Bombay Burmah Trading Corporation Ltd.,CONSUMER GOODS,BBTC,EQ,INE050A01025
Bosch Ltd.,AUTOMOBILE,BOSCHLTD,EQ,INE323A01026
Brigade Enterprises Ltd.,CONSTRUCTION,BRIGADE,EQ,INE791I01019
Britannia Industries Ltd.,CONSUMER GOODS,BRITANNIA,EQ,INE216A01030
CCL Products (I) Ltd.,CONSUMER GOODS,CCL,EQ,INE421D01022
CESC Ltd.,POWER,CESC,EQ,INE486A01013
CRISIL Ltd.,FINANCIAL SERVICES,CRISIL,EQ,INE007A01025
CSB Bank Ltd.,FINANCIAL SERVICES,CSBBANK,EQ,INE679A01013
Cadila Healthcare Ltd.,PHARMA,CADILAHC,EQ,INE010B01027
Can Fin Homes Ltd.,FINANCIAL SERVICES,CANFINHOME,EQ,INE477A01020
Canara Bank,FINANCIAL SERVICES,CANBK,EQ,INE476A01014
Caplin Point Laboratories Ltd.,PHARMA,CAPLIPOINT,EQ,INE475E01026
Capri Global Capital Ltd.,FINANCIAL SERVICES,CGCL,EQ,INE180C01026
Carborundum Universal Ltd.,INDUSTRIAL MANUFACTURING,CARBORUNIV,EQ,INE120A01034
Castrol India Ltd.,OIL & GAS,CASTROLIND,EQ,INE172A01027
Ceat Ltd.,AUTOMOBILE,CEATLTD,EQ,INE482A01020
Central Bank of India,FINANCIAL SERVICES,CENTRALBK,EQ,INE483A01010
Central Depository Services (India) Ltd.,FINANCIAL SERVICES,CDSL,EQ,INE736A01011
Century Plyboards (India) Ltd.,CONSUMER GOODS,CENTURYPLY,EQ,INE348B01021
Century Textile & Industries Ltd.,PAPER AND JUTE,CENTURYTEX,EQ,INE055A01016
Cera Sanitaryware Ltd,CONSUMER GOODS,CERA,EQ,INE739E01017
Chalet Hotels Ltd.,CONSUMER SERVICES,CHALET,EQ,INE427F01016
Chambal Fertilizers & Chemicals Ltd.,FERTILISERS & PESTICIDES,CHAMBLFERT,EQ,INE085A01013
Cholamandalam Financial Holdings Ltd.,FINANCIAL SERVICES,CHOLAHLDNG,EQ,INE149A01033
Cholamandalam Investment and Finance Company Ltd.,FINANCIAL SERVICES,CHOLAFIN,EQ,INE121A01024
Cipla Ltd.,PHARMA,CIPLA,EQ,INE059A01026
City Union Bank Ltd.,FINANCIAL SERVICES,CUB,EQ,INE491A01021
Coal India Ltd.,METALS,COALINDIA,EQ,INE522F01014
Cochin Shipyard Ltd.,INDUSTRIAL MANUFACTURING,COCHINSHIP,EQ,INE704P01017
Coforge Ltd.,IT,COFORGE,EQ,INE591G01017
Colgate Palmolive (India) Ltd.,CONSUMER GOODS,COLPAL,EQ,INE259A01022
Computer Age Management Services Ltd.,FINANCIAL SERVICES,CAMS,EQ,INE596I01012
Container Corporation of India Ltd.,SERVICES,CONCOR,EQ,INE111A01025
Coromandel International Ltd.,FERTILISERS & PESTICIDES,COROMANDEL,EQ,INE169A01031
CreditAccess Grameen Ltd.,FINANCIAL SERVICES,CREDITACC,EQ,INE741K01010
Crompton Greaves Consumer Electricals Ltd.,CONSUMER GOODS,CROMPTON,EQ,INE299U01018
Cummins India Ltd.,INDUSTRIAL MANUFACTURING,CUMMINSIND,EQ,INE298A01020
Cyient Ltd.,IT,CYIENT,EQ,INE136B01020
DCB Bank Ltd.,FINANCIAL SERVICES,DCBBANK,EQ,INE503A01015
DCM Shriram Ltd.,CONSUMER GOODS,DCMSHRIRAM,EQ,INE499A01024
DLF Ltd.,CONSTRUCTION,DLF,EQ,INE271C01023
Dabur India Ltd.,CONSUMER GOODS,DABUR,EQ,INE016A01026
Dalmia Bharat Ltd.,CEMENT & CEMENT PRODUCTS,DALBHARAT,EQ,INE00R701025
Deepak Nitrite Ltd.,CHEMICALS,DEEPAKNTR,EQ,INE288B01029
Delta Corp Ltd.,CONSUMER SERVICES,DELTACORP,EQ,INE124G01033
Dhani Services Ltd.,FINANCIAL SERVICES,DHANI,EQ,INE274G01010
Dhanuka Agritech Ltd.,FERTILISERS & PESTICIDES,DHANUKA,EQ,INE435G01025
Dilip Buildcon Ltd.,CONSTRUCTION,DBL,EQ,INE917M01012
Dish TV India Ltd.,MEDIA ENTERTAINMENT & PUBLICATION,DISHTV,EQ,INE836F01026
Dishman Carbogen Amcis Ltd.,PHARMA,DCAL,EQ,INE385W01011
Divi's Laboratories Ltd.,PHARMA,DIVISLAB,EQ,INE361B01024
Dixon Technologies (India) Ltd.,CONSUMER GOODS,DIXON,EQ,INE935N01020
Dr. Lal Path Labs Ltd.,HEALTHCARE SERVICES,LALPATHLAB,EQ,INE600L01024
Dr. Reddy's Laboratories Ltd.,PHARMA,DRREDDY,EQ,INE089A01023
E.I.D. Parry (India) Ltd.,CONSUMER GOODS,EIDPARRY,EQ,INE126A01031
EIH Ltd.,CONSUMER SERVICES,EIHOTEL,EQ,INE230A01023
EPL Ltd.,INDUSTRIAL MANUFACTURING,EPL,EQ,INE255A01020
Edelweiss Financial Services Ltd.,FINANCIAL SERVICES,EDELWEISS,EQ,INE532F01054
Eicher Motors Ltd.,AUTOMOBILE,EICHERMOT,EQ,INE066A01021
Elgi Equipments Ltd.,INDUSTRIAL MANUFACTURING,ELGIEQUIP,EQ,INE285A01027
Emami Ltd.,CONSUMER GOODS,EMAMILTD,EQ,INE548C01032
Endurance Technologies Ltd.,AUTOMOBILE,ENDURANCE,EQ,INE913H01037
Engineers India Ltd.,CONSTRUCTION,ENGINERSIN,EQ,INE510A01028
Equitas Holdings Ltd.,FINANCIAL SERVICES,EQUITAS,EQ,INE988K01017
Eris Lifesciences Ltd.,PHARMA,ERIS,EQ,INE406M01024
Escorts Ltd.,AUTOMOBILE,ESCORTS,EQ,INE042A01014
Exide Industries Ltd.,AUTOMOBILE,EXIDEIND,EQ,INE302A01020
FDC Ltd.,PHARMA,FDC,EQ,INE258B01022
Federal Bank Ltd.,FINANCIAL SERVICES,FEDERALBNK,EQ,INE171A01029
Fine Organic Industries Ltd.,CHEMICALS,FINEORG,EQ,INE686Y01026
Finolex Cables Ltd.,INDUSTRIAL MANUFACTURING,FINCABLES,EQ,INE235A01022
Finolex Industries Ltd.,INDUSTRIAL MANUFACTURING,FINPIPE,EQ,INE183A01016
Firstsource Solutions Ltd.,IT,FSL,EQ,INE684F01012
Fortis Healthcare Ltd.,HEALTHCARE SERVICES,FORTIS,EQ,INE061F01013
Future Consumer Ltd.,CONSUMER SERVICES,FCONSUMER,EQ,INE220J01025
Future Retail Ltd.,CONSUMER SERVICES,FRETAIL,EQ,INE752P01024
GAIL (India) Ltd.,OIL & GAS,GAIL,EQ,INE129A01019
GE Power India Ltd.,INDUSTRIAL MANUFACTURING,GEPIL,EQ,INE878A01011
GHCL Ltd.,CHEMICALS,GHCL,EQ,INE539A01019
GMM Pfaudler Ltd.,INDUSTRIAL MANUFACTURING,GMMPFAUDLR,EQ,INE541A01023
GMR Infrastructure Ltd.,CONSTRUCTION,GMRINFRA,EQ,INE776C01039
Galaxy Surfactants Ltd.,CHEMICALS,GALAXYSURF,EQ,INE600K01018
Garden Reach Shipbuilders & Engineers Ltd.,INDUSTRIAL MANUFACTURING,GRSE,EQ,INE382Z01011
Garware Technical Fibres Ltd.,TEXTILES,GARFIBRES,EQ,INE276A01018
General Insurance Corporation of India,FINANCIAL SERVICES,GICRE,EQ,INE481Y01014
Gillette India Ltd.,CONSUMER GOODS,GILLETTE,EQ,INE322A01010
Glaxosmithkline Pharmaceuticals Ltd.,PHARMA,GLAXO,EQ,INE159A01016
Glenmark Pharmaceuticals Ltd.,PHARMA,GLENMARK,EQ,INE935A01035
Godfrey Phillips India Ltd.,CONSUMER GOODS,GODFRYPHLP,EQ,INE260B01028
Godrej Agrovet Ltd.,CONSUMER GOODS,GODREJAGRO,EQ,INE850D01014
Godrej Consumer Products Ltd.,CONSUMER GOODS,GODREJCP,EQ,INE102D01028
Godrej Industries Ltd.,CONSUMER GOODS,GODREJIND,EQ,INE233A01035
Godrej Properties Ltd.,CONSTRUCTION,GODREJPROP,EQ,INE484J01027
Granules India Ltd.,PHARMA,GRANULES,EQ,INE101D01020
Graphite India Ltd.,INDUSTRIAL MANUFACTURING,GRAPHITE,EQ,INE371A01025
Grasim Industries Ltd.,CEMENT & CEMENT PRODUCTS,GRASIM,EQ,INE047A01021
Great Eastern Shipping Co. Ltd.,SERVICES,GESHIP,EQ,INE017A01032
Greaves Cotton Ltd.,INDUSTRIAL MANUFACTURING,GREAVESCOT,EQ,INE224A01026
Grindwell Norton Ltd.,INDUSTRIAL MANUFACTURING,GRINDWELL,EQ,INE536A01023
Gujarat Alkalies & Chemicals Ltd.,CHEMICALS,GUJALKALI,EQ,INE186A01019
Gujarat Ambuja Exports Ltd.,CONSUMER GOODS,GAEL,EQ,INE036B01030
Gujarat Fluorochemicals Ltd.,CHEMICALS,FLUOROCHEM,EQ,INE09N301011
Gujarat Gas Ltd.,OIL & GAS,GUJGASLTD,EQ,INE844O01030
Gujarat Narmada Valley Fertilizers and Chemicals Ltd.,CHEMICALS,GNFC,EQ,INE113A01013
Gujarat Pipavav Port Ltd.,SERVICES,GPPL,EQ,INE517F01014
Gujarat State Fertilizers & Chemicals Ltd.,FERTILISERS & PESTICIDES,GSFC,EQ,INE026A01025
Gujarat State Petronet Ltd.,OIL & GAS,GSPL,EQ,INE246F01010
Gulf Oil Lubricants India Ltd.,OIL & GAS,GULFOILLUB,EQ,INE635Q01029
H.E.G. Ltd.,INDUSTRIAL MANUFACTURING,HEG,EQ,INE545A01016
HCL Technologies Ltd.,IT,HCLTECH,EQ,INE860A01027
HDFC Asset Management Company Ltd.,FINANCIAL SERVICES,HDFCAMC,EQ,INE127D01025
HDFC Bank Ltd.,FINANCIAL SERVICES,HDFCBANK,EQ,INE040A01034
HDFC Life Insurance Company Ltd.,FINANCIAL SERVICES,HDFCLIFE,EQ,INE795G01014
HFCL Ltd.,TELECOM,HFCL,EQ,INE548A01028
Happiest Minds Technologies Ltd.,IT,HAPPSTMNDS,EQ,INE419U01012
Hatsun Agro Product Ltd.,CONSUMER GOODS,HATSUN,EQ,INE473B01035
Havells India Ltd.,CONSUMER GOODS,HAVELLS,EQ,INE176B01034
HeidelbergCement India Ltd.,CEMENT & CEMENT PRODUCTS,HEIDELBERG,EQ,INE578A01017
Hero MotoCorp Ltd.,AUTOMOBILE,HEROMOTOCO,EQ,INE158A01026
Himadri Speciality Chemical Ltd.,CHEMICALS,HSCL,EQ,INE019C01026
Hindalco Industries Ltd.,METALS,HINDALCO,EQ,INE038A01020
Hindustan Aeronautics Ltd.,INDUSTRIAL MANUFACTURING,HAL,EQ,INE066F01012
Hindustan Copper Ltd.,METALS,HINDCOPPER,EQ,INE531E01026
Hindustan Petroleum Corporation Ltd.,OIL & GAS,HINDPETRO,EQ,INE094A01015
Hindustan Unilever Ltd.,CONSUMER GOODS,HINDUNILVR,EQ,INE030A01027
Hindustan Zinc Ltd.,METALS,HINDZINC,EQ,INE267A01025
Honeywell Automation India Ltd.,INDUSTRIAL MANUFACTURING,HONAUT,EQ,INE671A01010
Housing & Urban Development Corporation Ltd.,FINANCIAL SERVICES,HUDCO,EQ,INE031A01017
Housing Development Finance Corporation Ltd.,FINANCIAL SERVICES,HDFC,EQ,INE001A01036
Huhtamaki India Ltd.,INDUSTRIAL MANUFACTURING,HUHTAMAKI,EQ,INE275B01026
ICICI Bank Ltd.,FINANCIAL SERVICES,ICICIBANK,EQ,INE090A01021
ICICI Lombard General Insurance Company Ltd.,FINANCIAL SERVICES,ICICIGI,EQ,INE765G01017
ICICI Prudential Life Insurance Company Ltd.,FINANCIAL SERVICES,ICICIPRULI,EQ,INE726G01019
ICICI Securities Ltd.,FINANCIAL SERVICES,ISEC,EQ,INE763G01038
IDBI Bank Ltd.,FINANCIAL SERVICES,IDBI,EQ,INE008A01015
IDFC First Bank Ltd.,FINANCIAL SERVICES,IDFCFIRSTB,EQ,INE092T01019
IDFC Ltd.,FINANCIAL SERVICES,IDFC,EQ,INE043D01016
IFB Industries Ltd.,CONSUMER GOODS,IFBIND,EQ,INE559A01017
IIFL Finance Ltd.,FINANCIAL SERVICES,IIFL,EQ,INE530B01024
IIFL Wealth Management Ltd.,FINANCIAL SERVICES,IIFLWAM,EQ,INE466L01020
IOL Chem and Pharma Ltd.,PHARMA,IOLCP,EQ,INE485C01011
IRB Infrastructure Developers Ltd.,CONSTRUCTION,IRB,EQ,INE821I01014
IRCON International Ltd.,CONSTRUCTION,IRCON,EQ,INE962Y01021
ITC Ltd.,CONSUMER GOODS,ITC,EQ,INE154A01025
ITI Ltd.,TELECOM,ITI,EQ,INE248A01017
India Cements Ltd.,CEMENT & CEMENT PRODUCTS,INDIACEM,EQ,INE383A01012
Indiabulls Housing Finance Ltd.,FINANCIAL SERVICES,IBULHSGFIN,EQ,INE148I01020
Indiabulls Real Estate Ltd.,CONSTRUCTION,IBREALEST,EQ,INE069I01010
Indiamart Intermesh Ltd.,CONSUMER SERVICES,INDIAMART,EQ,INE933S01016
Indian Bank,FINANCIAL SERVICES,INDIANB,EQ,INE562A01011
Indian Energy Exchange Ltd.,FINANCIAL SERVICES,IEX,EQ,INE022Q01020
Indian Hotels Co. Ltd.,CONSUMER SERVICES,INDHOTEL,EQ,INE053A01029
Indian Oil Corporation Ltd.,OIL & GAS,IOC,EQ,INE242A01010
Indian Overseas Bank,FINANCIAL SERVICES,IOB,EQ,INE565A01014
Indian Railway Catering And Tourism Corporation Ltd.,SERVICES,IRCTC,EQ,INE335Y01012
Indo Count Industries Ltd.,TEXTILES,ICIL,EQ,INE483B01026
Indoco Remedies Ltd.,PHARMA,INDOCO,EQ,INE873D01024
Indraprastha Gas Ltd.,OIL & GAS,IGL,EQ,INE203G01027
Indus Towers Ltd.,TELECOM,INDUSTOWER,EQ,INE121J01017
IndusInd Bank Ltd.,FINANCIAL SERVICES,INDUSINDBK,EQ,INE095A01012
Info Edge (India) Ltd.,CONSUMER SERVICES,NAUKRI,EQ,INE663F01024
Infosys Ltd.,IT,INFY,EQ,INE009A01021
Ingersoll Rand (India) Ltd.,INDUSTRIAL MANUFACTURING,INGERRAND,EQ,INE177A01018
Inox Leisure Ltd.,MEDIA ENTERTAINMENT & PUBLICATION,INOXLEISUR,EQ,INE312H01016
Intellect Design Arena Ltd.,IT,INTELLECT,EQ,INE306R01017
InterGlobe Aviation Ltd.,SERVICES,INDIGO,EQ,INE646L01027
Ipca Laboratories Ltd.,PHARMA,IPCALAB,EQ,INE571A01020
J.B. Chemicals & Pharmaceuticals Ltd.,PHARMA,JBCHEPHARM,EQ,INE572A01028
J.K. Cement Ltd.,CEMENT & CEMENT PRODUCTS,JKCEMENT,EQ,INE823G01014
JK Lakshmi Cement Ltd.,CEMENT & CEMENT PRODUCTS,JKLAKSHMI,EQ,INE786A01032
JK Paper Ltd.,PAPER AND JUTE,JKPAPER,EQ,INE789E01012
JK Tyre & Industries Ltd.,AUTOMOBILE,JKTYRE,EQ,INE573A01042
JM Financial Ltd.,FINANCIAL SERVICES,JMFINANCIL,EQ,INE780C01023
JSW Energy Ltd.,POWER,JSWENERGY,EQ,INE121E01018
JSW Steel Ltd.,METALS,JSWSTEEL,EQ,INE019A01038
JTEKT India Ltd.,AUTOMOBILE,JTEKTINDIA,EQ,INE643A01035
Jamna Auto Industries Ltd.,AUTOMOBILE,JAMNAAUTO,EQ,INE039C01032
Jindal Saw Ltd.,METALS,JINDALSAW,EQ,INE324A01024
Jindal Stainless (Hisar) Ltd.,METALS,JSLHISAR,EQ,INE455T01018
Jindal Stainless Ltd.,METALS,JSL,EQ,INE220G01021
Jindal Steel & Power Ltd.,METALS,JINDALSTEL,EQ,INE749A01030
Johnson Controls - Hitachi Air Conditioning India Ltd.,CONSUMER GOODS,JCHAC,EQ,INE782A01015
Jubilant Foodworks Ltd.,CONSUMER SERVICES,JUBLFOOD,EQ,INE797F01012
Justdial Ltd.,CONSUMER SERVICES,JUSTDIAL,EQ,INE599M01018
Jyothy Labs Ltd.,CONSUMER GOODS,JYOTHYLAB,EQ,INE668F01031
K.P.R. Mill Ltd.,TEXTILES,KPRMILL,EQ,INE930H01023
KEI Industries Ltd.,INDUSTRIAL MANUFACTURING,KEI,EQ,INE878B01027
KNR Constructions Ltd.,CONSTRUCTION,KNRCON,EQ,INE634I01029
KPIT Technologies Ltd.,IT,KPITTECH,EQ,INE04I401011
KRBL Ltd.,CONSUMER GOODS,KRBL,EQ,INE001B01026
KSB Ltd.,INDUSTRIAL MANUFACTURING,KSB,EQ,INE999A01015
Kajaria Ceramics Ltd.,CONSUMER GOODS,KAJARIACER,EQ,INE217B01036
Kalpataru Power Transmission Ltd.,POWER,KALPATPOWR,EQ,INE220B01022
Kansai Nerolac Paints Ltd.,CONSUMER GOODS,KANSAINER,EQ,INE531A01024
Karur Vysya Bank Ltd.,FINANCIAL SERVICES,KARURVYSYA,EQ,INE036D01028
Kaveri Seed Company Ltd.,CONSUMER GOODS,KSCL,EQ,INE455I01029
Kec International Ltd.,POWER,KEC,EQ,INE389H01022
Kotak Mahindra Bank Ltd.,FINANCIAL SERVICES,KOTAKBANK,EQ,INE237A01028
L&T Finance Holdings Ltd.,FINANCIAL SERVICES,L&TFH,EQ,INE498L01015
L&T Technology Services Ltd.,SERVICES,LTTS,EQ,INE010V01017
LIC Housing Finance Ltd.,FINANCIAL SERVICES,LICHSGFIN,EQ,INE115A01026
La Opala RG Ltd.,CONSUMER GOODS,LAOPALA,EQ,INE059D01020
Lakshmi Machine Works Ltd.,INDUSTRIAL MANUFACTURING,LAXMIMACH,EQ,INE269B01029
Larsen & Toubro Infotech Ltd.,IT,LTI,EQ,INE214T01019
Larsen & Toubro Ltd.,CONSTRUCTION,LT,EQ,INE018A01030
Laurus Labs Ltd.,PHARMA,LAURUSLABS,EQ,INE947Q01028
Lemon Tree Hotels Ltd.,CONSUMER SERVICES,LEMONTREE,EQ,INE970X01018
Linde India Ltd.,CHEMICALS,LINDEINDIA,EQ,INE473A01011
Lupin Ltd.,PHARMA,LUPIN,EQ,INE326A01037
Lux Industries Ltd.,TEXTILES,LUXIND,EQ,INE150G01020
MAS Financial Services Ltd.,FINANCIAL SERVICES,MASFIN,EQ,INE348L01012
MMTC Ltd.,SERVICES,MMTC,EQ,INE123F01029
MOIL Ltd.,METALS,MOIL,EQ,INE490G01020
MRF Ltd.,AUTOMOBILE,MRF,EQ,INE883A01011
Mahanagar Gas Ltd.,OIL & GAS,MGL,EQ,INE002S01010
Maharashtra Scooters Ltd.,FINANCIAL SERVICES,MAHSCOOTER,EQ,INE288A01013
Maharashtra Seamless Ltd.,METALS,MAHSEAMLES,EQ,INE271B01025
Mahindra & Mahindra Financial Services Ltd.,FINANCIAL SERVICES,M&MFIN,EQ,INE774D01024
Mahindra & Mahindra Ltd.,AUTOMOBILE,M&M,EQ,INE101A01026
Mahindra CIE Automotive Ltd.,INDUSTRIAL MANUFACTURING,MAHINDCIE,EQ,INE536H01010
Mahindra Holidays & Resorts India Ltd.,CONSUMER SERVICES,MHRIL,EQ,INE998I01010
Mahindra Logistics Ltd.,SERVICES,MAHLOG,EQ,INE766P01016
Manappuram Finance Ltd.,FINANCIAL SERVICES,MANAPPURAM,EQ,INE522D01027
Mangalore Refinery & Petrochemicals Ltd.,OIL & GAS,MRPL,EQ,INE103A01014
Marico Ltd.,CONSUMER GOODS,MARICO,EQ,INE196A01026
Maruti Suzuki India Ltd.,AUTOMOBILE,MARUTI,EQ,INE585B01010
Max Financial Services Ltd.,FINANCIAL SERVICES,MFSL,EQ,INE180A01020
Max Healthcare Institute Ltd.,HEALTHCARE SERVICES,MAXHEALTH,EQ,INE027H01010
Mazagoan Dock Shipbuilders Ltd.,INDUSTRIAL MANUFACTURING,MAZDOCK,EQ,INE249Z01012
Metropolis Healthcare Ltd.,HEALTHCARE SERVICES,METROPOLIS,EQ,INE112L01020
MindTree Ltd.,IT,MINDTREE,EQ,INE018I01017
Minda Corporation Ltd.,AUTOMOBILE,MINDACORP,EQ,INE842C01021
Minda Industries Ltd.,AUTOMOBILE,MINDAIND,EQ,INE405E01023
Mishra Dhatu Nigam Ltd.,METALS,MIDHANI,EQ,INE099Z01011
Motherson Sumi Systems Ltd.,AUTOMOBILE,MOTHERSUMI,EQ,INE775A01035
Motilal Oswal Financial Services Ltd.,FINANCIAL SERVICES,MOTILALOFS,EQ,INE338I01027
MphasiS Ltd.,IT,MPHASIS,EQ,INE356A01018
Multi Commodity Exchange of India Ltd.,FINANCIAL SERVICES,MCX,EQ,INE745G01035
Muthoot Finance Ltd.,FINANCIAL SERVICES,MUTHOOTFIN,EQ,INE414G01012
NATCO Pharma Ltd.,PHARMA,NATCOPHARM,EQ,INE987B01026
NBCC (India) Ltd.,CONSTRUCTION,NBCC,EQ,INE095N01031
NCC Ltd.,CONSTRUCTION,NCC,EQ,INE868B01028
NESCO Ltd.,SERVICES,NESCO,EQ,INE317F01035
NHPC Ltd.,POWER,NHPC,EQ,INE848E01016
NLC India Ltd.,POWER,NLCINDIA,EQ,INE589A01014
NMDC Ltd.,METALS,NMDC,EQ,INE584A01023
NOCIL Ltd.,CHEMICALS,NOCIL,EQ,INE163A01018
NTPC Ltd.,POWER,NTPC,EQ,INE733E01010
Narayana Hrudayalaya Ltd.,HEALTHCARE SERVICES,NH,EQ,INE410P01011
National Aluminium Co. Ltd.,METALS,NATIONALUM,EQ,INE139A01034
National Fertilizers Ltd.,FERTILISERS & PESTICIDES,NFL,EQ,INE870D01012
Navin Fluorine International Ltd.,CHEMICALS,NAVINFLUOR,EQ,INE048G01026
Nestle India Ltd.,CONSUMER GOODS,NESTLEIND,EQ,INE239A01016
Network18 Media & Investments Ltd.,MEDIA ENTERTAINMENT & PUBLICATION,NETWORK18,EQ,INE870H01013
Nilkamal Ltd.,INDUSTRIAL MANUFACTURING,NILKAMAL,EQ,INE310A01015
Nippon Life India Asset Management Ltd.,FINANCIAL SERVICES,NAM-INDIA,EQ,INE298J01013
Oberoi Realty Ltd.,CONSTRUCTION,OBEROIRLTY,EQ,INE093I01010
Oil & Natural Gas Corporation Ltd.,OIL & GAS,ONGC,EQ,INE213A01029
Oil India Ltd.,OIL & GAS,OIL,EQ,INE274J01014
Oracle Financial Services Software Ltd.,IT,OFSS,EQ,INE881D01027
Orient Electric Ltd.,CONSUMER GOODS,ORIENTELEC,EQ,INE142Z01019
Orient Refractories Ltd.,INDUSTRIAL MANUFACTURING,ORIENTREF,EQ,INE743M01012
PI Industries Ltd.,FERTILISERS & PESTICIDES,PIIND,EQ,INE603J01030
PNB Housing Finance Ltd.,FINANCIAL SERVICES,PNBHOUSING,EQ,INE572E01012
PNC Infratech Ltd.,CONSTRUCTION,PNCINFRA,EQ,INE195J01029
PVR Ltd.,MEDIA ENTERTAINMENT & PUBLICATION,PVR,EQ,INE191H01014
Page Industries Ltd.,TEXTILES,PAGEIND,EQ,INE761H01022
Persistent Systems Ltd.,IT,PERSISTENT,EQ,INE262H01013
Petronet LNG Ltd.,OIL & GAS,PETRONET,EQ,INE347G01014
Pfizer Ltd.,PHARMA,PFIZER,EQ,INE182A01018
Phillips Carbon Black Ltd.,CHEMICALS,PHILIPCARB,EQ,INE602A01023
Phoenix Mills Ltd.,CONSTRUCTION,PHOENIXLTD,EQ,INE211B01039
Pidilite Industries Ltd.,CHEMICALS,PIDILITIND,EQ,INE318A01026
Piramal Enterprises Ltd.,FINANCIAL SERVICES,PEL,EQ,INE140A01024
Poly Medicure Ltd.,HEALTHCARE SERVICES,POLYMED,EQ,INE205C01021
Polycab India Ltd.,INDUSTRIAL MANUFACTURING,POLYCAB,EQ,INE455K01017
Polyplex Corporation Ltd.,INDUSTRIAL MANUFACTURING,POLYPLEX,EQ,INE633B01018
Power Finance Corporation Ltd.,FINANCIAL SERVICES,PFC,EQ,INE134E01011
Power Grid Corporation of India Ltd.,POWER,POWERGRID,EQ,INE752E01010
Prestige Estates Projects Ltd.,CONSTRUCTION,PRESTIGE,EQ,INE811K01011
Prince Pipes and Fittings Ltd.,INDUSTRIAL MANUFACTURING,PRINCEPIPE,EQ,INE689W01016
Prism Johnson Ltd.,CEMENT & CEMENT PRODUCTS,PRSMJOHNSN,EQ,INE010A01011
Procter & Gamble Health Ltd.,PHARMA,PGHL,EQ,INE199A01012
Procter & Gamble Hygiene & Health Care Ltd.,CONSUMER GOODS,PGHH,EQ,INE179A01014
Punjab National Bank,FINANCIAL SERVICES,PNB,EQ,INE160A01022
Quess Corp Ltd.,SERVICES,QUESS,EQ,INE615P01015
RBL Bank Ltd.,FINANCIAL SERVICES,RBLBANK,EQ,INE976G01028
REC Ltd.,FINANCIAL SERVICES,RECLTD,EQ,INE020B01018
RITES Ltd.,SERVICES,RITES,EQ,INE320J01015
Radico Khaitan Ltd,CONSUMER GOODS,RADICO,EQ,INE944F01028
Rail Vikas Nigam Ltd.,CONSTRUCTION,RVNL,EQ,INE415G01027
Rain Industries Ltd,CHEMICALS,RAIN,EQ,INE855B01025
Rajesh Exports Ltd.,CONSUMER GOODS,RAJESHEXPO,EQ,INE343B01030
Rallis India Ltd.,FERTILISERS & PESTICIDES,RALLIS,EQ,INE613A01020
Rashtriya Chemicals & Fertilizers Ltd.,FERTILISERS & PESTICIDES,RCF,EQ,INE027A01015
Ratnamani Metals & Tubes Ltd.,METALS,RATNAMANI,EQ,INE703B01027
Raymond Ltd.,TEXTILES,RAYMOND,EQ,INE301A01014
Redington (India) Ltd.,SERVICES,REDINGTON,EQ,INE891D01026
Relaxo Footwears Ltd.,CONSUMER GOODS,RELAXO,EQ,INE131B01039
Reliance Industries Ltd.,OIL & GAS,RELIANCE,EQ,INE002A01018
Responsive Industries Ltd.,CONSUMER GOODS,RESPONIND,EQ,INE688D01026
Rossari Biotech Ltd.,CHEMICALS,ROSSARI,EQ,INE02A801020
Route Mobile Ltd.,IT,ROUTE,EQ,INE450U01017
SBI Cards and Payment Services Ltd.,FINANCIAL SERVICES,SBICARD,EQ,INE018E01016
SBI Life Insurance Company Ltd.,FINANCIAL SERVICES,SBILIFE,EQ,INE123W01016
SIS Ltd.,SERVICES,SIS,EQ,INE285J01028
SJVN Ltd.,POWER,SJVN,EQ,INE002L01015
SKF India Ltd.,INDUSTRIAL MANUFACTURING,SKFINDIA,EQ,INE640A01023
SRF Ltd.,CHEMICALS,SRF,EQ,INE647A01010
Sanofi India Ltd.,PHARMA,SANOFI,EQ,INE058A01010
Schaeffler India Ltd.,INDUSTRIAL MANUFACTURING,SCHAEFFLER,EQ,INE513A01014
Schneider Electric Infrastructure Ltd.,INDUSTRIAL MANUFACTURING,SCHNEIDER,EQ,INE839M01018
Sequent Scientific Ltd.,PHARMA,SEQUENT,EQ,INE807F01027
Sharda Cropchem Ltd.,FERTILISERS & PESTICIDES,SHARDACROP,EQ,INE221J01015
Sheela Foam Ltd.,CONSUMER GOODS,SFL,EQ,INE916U01025
Shilpa Medicare Ltd.,PHARMA,SHILPAMED,EQ,INE790G01031
Shipping Corporation of India Ltd.,SERVICES,SCI,EQ,INE109A01011
Shoppers Stop Ltd.,CONSUMER SERVICES,SHOPERSTOP,EQ,INE498B01024
Shree Cement Ltd.,CEMENT & CEMENT PRODUCTS,SHREECEM,EQ,INE070A01015
Shriram City Union Finance Ltd.,FINANCIAL SERVICES,SHRIRAMCIT,EQ,INE722A01011
Shriram Transport Finance Co. Ltd.,FINANCIAL SERVICES,SRTRANSFIN,EQ,INE721A01013
Siemens Ltd.,INDUSTRIAL MANUFACTURING,SIEMENS,EQ,INE003A01024
Sobha Ltd.,CONSTRUCTION,SOBHA,EQ,INE671H01015
Solar Industries India Ltd.,CHEMICALS,SOLARINDS,EQ,INE343H01029
Solara Active Pharma Sciences Ltd.,PHARMA,SOLARA,EQ,INE624Z01016
Sonata Software Ltd.,IT,SONATSOFTW,EQ,INE269A01021
Spandana Sphoorty Financial Ltd.,FINANCIAL SERVICES,SPANDANA,EQ,INE572J01011
Spicejet Ltd.,SERVICES,SPICEJET,EQ,INE285B01017
Star Cement Ltd.,CEMENT & CEMENT PRODUCTS,STARCEMENT,EQ,INE460H01021
State Bank of India,FINANCIAL SERVICES,SBIN,EQ,INE062A01020
Steel Authority of India Ltd.,METALS,SAIL,EQ,INE114A01011
Sterling And Wilson Solar Ltd.,CONSTRUCTION,SWSOLAR,EQ,INE00M201021
Sterlite Technologies Ltd.,TELECOM,STLTECH,EQ,INE089C01029
Strides Pharma Science Ltd.,PHARMA,STAR,EQ,INE939A01011
Sudarshan Chemical Industries Ltd.,CHEMICALS,SUDARSCHEM,EQ,INE659A01023
Sumitomo Chemical India Ltd.,FERTILISERS & PESTICIDES,SUMICHEM,EQ,INE258G01013
Sun Pharma Advanced Research Company Ltd.,PHARMA,SPARC,EQ,INE232I01014
Sun Pharmaceutical Industries Ltd.,PHARMA,SUNPHARMA,EQ,INE044A01036
Sun TV Network Ltd.,MEDIA ENTERTAINMENT & PUBLICATION,SUNTV,EQ,INE424H01027
Sundaram Clayton Ltd.,AUTOMOBILE,SUNCLAYLTD,EQ,INE105A01035
Sundaram Finance Ltd.,FINANCIAL SERVICES,SUNDARMFIN,EQ,INE660A01013
Sundram Fasteners Ltd.,AUTOMOBILE,SUNDRMFAST,EQ,INE387A01021
Sunteck Realty Ltd.,CONSTRUCTION,SUNTECK,EQ,INE805D01034
Suprajit Engineering Ltd.,AUTOMOBILE,SUPRAJIT,EQ,INE399C01030
Supreme Industries Ltd.,INDUSTRIAL MANUFACTURING,SUPREMEIND,EQ,INE195A01028
Supreme Petrochem Ltd.,CHEMICALS,SUPPETRO,EQ,INE663A01017
Suven Pharmaceuticals Ltd.,PHARMA,SUVENPHAR,EQ,INE03QK01018
Suzlon Energy Ltd.,INDUSTRIAL MANUFACTURING,SUZLON,EQ,INE040H01021
Swan Energy Ltd.,TEXTILES,SWANENERGY,EQ,INE665A01038
Symphony Ltd.,CONSUMER GOODS,SYMPHONY,EQ,INE225D01027
Syngene International Ltd.,HEALTHCARE SERVICES,SYNGENE,EQ,INE398R01022
TCI Express Ltd.,SERVICES,TCIEXP,EQ,INE586V01016
TCNS Clothing Co. Ltd.,TEXTILES,TCNSBRANDS,EQ,INE778U01029
TTK Prestige Ltd.,CONSUMER GOODS,TTKPRESTIG,EQ,INE690A01010
TV18 Broadcast Ltd.,MEDIA ENTERTAINMENT & PUBLICATION,TV18BRDCST,EQ,INE886H01027
TVS Motor Company Ltd.,AUTOMOBILE,TVSMOTOR,EQ,INE494B01023
Tanla Platforms Ltd.,IT,TANLA,EQ,INE483C01032
Tasty Bite Eatables Ltd.,CONSUMER GOODS,TASTYBITE,EQ,INE488B01017
Tata Chemicals Ltd.,CHEMICALS,TATACHEM,EQ,INE092A01019
Tata Coffee Ltd.,CONSUMER GOODS,TATACOFFEE,EQ,INE493A01027
Tata Communications Ltd.,TELECOM,TATACOMM,EQ,INE151A01013
Tata Consultancy Services Ltd.,IT,TCS,EQ,INE467B01029
Tata Consumer Products Ltd.,CONSUMER GOODS,TATACONSUM,EQ,INE192A01025
Tata Elxsi Ltd.,IT,TATAELXSI,EQ,INE670A01012
Tata Investment Corporation Ltd.,FINANCIAL SERVICES,TATAINVEST,EQ,INE672A01018
Tata Motors Ltd DVR,AUTOMOBILE,TATAMTRDVR,EQ,IN9155A01020
Tata Motors Ltd.,AUTOMOBILE,TATAMOTORS,EQ,INE155A01022
Tata Power Co. Ltd.,POWER,TATAPOWER,EQ,INE245A01021
Tata Steel BSL Ltd.,METALS,TATASTLBSL,EQ,INE824B01021
Tata Steel Ltd.,METALS,TATASTEEL,EQ,INE081A01012
Teamlease Services Ltd.,SERVICES,TEAMLEASE,EQ,INE985S01024
Tech Mahindra Ltd.,IT,TECHM,EQ,INE669C01036
The New India Assurance Company Ltd.,FINANCIAL SERVICES,NIACL,EQ,INE470Y01017
The Ramco Cements Ltd.,CEMENT & CEMENT PRODUCTS,RAMCOCEM,EQ,INE331A01037
Thermax Ltd.,INDUSTRIAL MANUFACTURING,THERMAX,EQ,INE152A01029
Thyrocare Technologies Ltd.,HEALTHCARE SERVICES,THYROCARE,EQ,INE594H01019
Timken India Ltd.,INDUSTRIAL MANUFACTURING,TIMKEN,EQ,INE325A01013
Titan Company Ltd.,CONSUMER GOODS,TITAN,EQ,INE280A01028
Torrent Pharmaceuticals Ltd.,PHARMA,TORNTPHARM,EQ,INE685A01028
Torrent Power Ltd.,POWER,TORNTPOWER,EQ,INE813H01021
Trent Ltd.,CONSUMER SERVICES,TRENT,EQ,INE849A01020
Trident Ltd.,TEXTILES,TRIDENT,EQ,INE064C01022
Triveni Turbine Ltd.,INDUSTRIAL MANUFACTURING,TRITURBINE,EQ,INE152M01016
Tube Investments of India Ltd.,AUTOMOBILE,TIINDIA,EQ,INE974X01010
UCO Bank,FINANCIAL SERVICES,UCOBANK,EQ,INE691A01018
UFLEX Ltd.,INDUSTRIAL MANUFACTURING,UFLEX,EQ,INE516A01017
UPL Ltd.,FERTILISERS & PESTICIDES,UPL,EQ,INE628A01036
UTI Asset Management Company Ltd.,FINANCIAL SERVICES,UTIAMC,EQ,INE094J01016
Ujjivan Financial Services Ltd.,FINANCIAL SERVICES,UJJIVAN,EQ,INE334L01012
Ujjivan Small Finance Bank Ltd.,FINANCIAL SERVICES,UJJIVANSFB,EQ,INE551W01018
UltraTech Cement Ltd.,CEMENT & CEMENT PRODUCTS,ULTRACEMCO,EQ,INE481G01011
Union Bank of India,FINANCIAL SERVICES,UNIONBANK,EQ,INE692A01016
United Breweries Ltd.,CONSUMER GOODS,UBL,EQ,INE686F01025
United Spirits Ltd.,CONSUMER GOODS,MCDOWELL-N,EQ,INE854D01024
V-Guard Industries Ltd.,CONSUMER GOODS,VGUARD,EQ,INE951I01027
V-Mart Retail Ltd.,CONSUMER SERVICES,VMART,EQ,INE665J01013
V.I.P. Industries Ltd.,CONSUMER GOODS,VIPIND,EQ,INE054A01027
VST Industries Ltd.,CONSUMER GOODS,VSTIND,EQ,INE710A01016
Vaibhav Global Ltd.,CONSUMER SERVICES,VAIBHAVGBL,EQ,INE884A01019
Vakrangee Ltd.,IT,VAKRANGEE,EQ,INE051B01021
Valiant Organics Ltd.,CHEMICALS,VALIANTORG,EQ,INE565V01010
Vardhman Textiles Ltd.,TEXTILES,VTL,EQ,INE825A01012
Varroc Engineering Ltd.,AUTOMOBILE,VARROC,EQ,INE665L01035
Varun Beverages Ltd.,CONSUMER GOODS,VBL,EQ,INE200M01013
Vedanta Ltd.,METALS,VEDL,EQ,INE205A01025
Venky's (India) Ltd.,CONSUMER GOODS,VENKEYS,EQ,INE398A01010
Vinati Organics Ltd.,CHEMICALS,VINATIORGA,EQ,INE410B01037
Vodafone Idea Ltd.,TELECOM,IDEA,EQ,INE669E01016
Voltas Ltd.,CONSUMER GOODS,VOLTAS,EQ,INE226A01021
WABCO India Ltd.,AUTOMOBILE,WABCOINDIA,EQ,INE342J01019
Welspun Corp Ltd.,METALS,WELCORP,EQ,INE191B01025
Welspun India Ltd.,TEXTILES,WELSPUNIND,EQ,INE192B01031
Westlife Development Ltd.,CONSUMER SERVICES,WESTLIFE,EQ,INE274F01020
Whirlpool of India Ltd.,CONSUMER GOODS,WHIRLPOOL,EQ,INE716A01013
Wipro Ltd.,IT,WIPRO,EQ,INE075A01022
Wockhardt Ltd.,PHARMA,WOCKPHARMA,EQ,INE049B01025
Yes Bank Ltd.,FINANCIAL SERVICES,YESBANK,EQ,INE528G01035
Zee Entertainment Enterprises Ltd.,MEDIA ENTERTAINMENT & PUBLICATION,ZEEL,EQ,INE256A01028
Zensar Technolgies Ltd.,IT,ZENSARTECH,EQ,INE520A01027
Zydus Wellness Ltd.,CONSUMER GOODS,ZYDUSWELL,EQ,INE768C01010
eClerx Services Ltd.,IT,ECLERX,EQ,INE738I01010
